"query","search interest","increase percent"
"melaviva magnesium komplex 7",4,"Breakout"
"mela viva magnesium",3,"Breakout"
"melaviva magnesium komplex amazon",1,"Breakout"
"mela viva magnesium komplex",1,"Breakout"
"melaviva magnesium komplex",17,"2.350 %"
"melaviva magnesium",21,"2.050 %"
"magnesium melaviva",21,"1.800 %"
"melaviva",21,"1.650 %"
"magnesium komplex 7",7,"400 %"
"magnesiummalat",2,"110 %"
"lebensmittel mit viel magnesium",2,"80 %"
"zu viel magnesium symptome",3,"60 %"
"esn magnesium complex",3,"60 %"
"magnesium komplex",100,"50 %"
"magnesium verla purkaps",1,"50 %"
"wann am besten magnesium einnehmen",3,"50 %"
"magnesium komplex testsieger",3,"50 %"
"magnesium aspartat",1,"50 %"
"hochdosiertes magnesium",2,"50 %"
"magnesiumoxid wirkung",1,"40 %"
"natural elements magnesium komplex",3,"40 %"
"pure encapsulations magnesium",5,"40 %"
"magnesium sticks",8,"40 %"
"magnesium diasporal 300",3,"40 %"
"medikamente per klick",2,"40 %"
"zuviel magnesium",6,"30 %"
"magnesium komplex mit vitamin b6",2,"30 %"
"magnesium bisglycinat dm",2,"30 %"
"magnesium komplex apotheke",4,"30 %"
"magnesium komplex vitamoment",10,"30 %"
"vitamoment magnesium komplex",10,"30 %"
"magnesium malat wirkung",1,"20 %"
"mivolis magnesium",5,"20 %"
"biolectra magnesium 400 mg",4,"20 %"
"magnesium bisglycinat wirkung",2,"20 %"
"sunday natural magnesium",21,"20 %"
"magnesium verla direkt",4,"20 %"
"zu viel magnesium",26,"20 %"
"magnesium verla n dragees",4,"20 %"
"für was ist magnesium gut",7,"20 %"
"was ist das beste magnesium",3,"20 %"
"sunday",28,"20 %"
"naturtreu magnesium",6,"20 %"
"magnesium citrat",33,"20 %"
"magnesium sunday natural",20,"20 %"
"bisglycinat magnesium",41,"20 %"
"magnesium phosphoricum d6",2,"20 %"
"diasporal magnesium 400",8,"20 %"
"natural elements",7,"20 %"
"vitamoment magnesium",17,"20 %"